config,generation,evaluations,best_cost,best_latency,time_ms
GA-5K (baseline),10,500,465.2,20.72222222222222,185.31394004821777
GA-5K (baseline),20,1000,415.9,20.833333333333336,376.6438961029053
GA-5K (baseline),30,1500,395.9,20.944444444444443,564.8319721221924
GA-5K (baseline),40,2000,395.9,20.944444444444443,1378.1921863555908
GA-5K (baseline),50,2500,395.9,20.944444444444443,943.7026977539062
GA-5K (baseline),60,3000,395.9,20.944444444444443,1121.8111515045166
GA-5K (baseline),70,3500,395.9,20.944444444444443,1327.3978233337402
GA-5K (baseline),80,4000,395.9,20.944444444444443,1661.9348526000977
GA-5K (baseline),90,4500,432.74,17.0,1672.3132133483887
GA-5K (baseline),100,5000,395.9,20.944444444444443,1890.4998302459717
GA-10K,10,1000,441.71999999999997,21.0,381.0138702392578
GA-10K,20,2000,447.74,16.944444444444443,757.429838180542
GA-10K,30,3000,395.9,20.944444444444443,1304.7981262207031
GA-10K,40,4000,395.9,20.944444444444443,1507.371187210083
GA-10K,50,5000,395.9,20.944444444444443,1886.8179321289062
GA-10K,60,6000,395.9,20.944444444444443,2284.3079566955566
GA-10K,70,7000,395.9,20.944444444444443,2672.8949546813965
GA-10K,80,8000,395.9,20.944444444444443,3046.5610027313232
GA-10K,90,9000,432.74,17.0,3449.15509223938
GA-10K,100,10000,395.9,20.944444444444443,3796.7941761016846
GA-20K,10,2000,397.73,20.944444444444443,751.9638538360596
GA-20K,20,4000,395.9,20.944444444444443,1519.3819999694824
GA-20K,30,6000,395.9,20.944444444444443,2278.5139083862305
GA-20K,40,8000,395.9,20.944444444444443,3024.2910385131836
GA-20K,50,10000,395.9,20.944444444444443,3802.6740550994873
GA-20K,60,12000,395.9,20.944444444444443,4548.006057739258
GA-20K,70,14000,395.9,20.944444444444443,5320.508003234863
GA-20K,80,16000,432.74,17.0,6038.185834884644
GA-20K,90,18000,395.9,20.944444444444443,7322.0508098602295
GA-20K,100,20000,395.9,20.944444444444443,7812.3779296875
