seed,algorithm,cost,latency,providers,time_ms,pareto_size,success
0,CMOv4,480.15,21.166666666666664,3,78.84812355041504,7,True
1,CMOv4,480.15,21.166666666666664,3,88.87290954589844,5,True
2,CMOv4,480.15,21.166666666666664,3,65.53792953491211,5,True
0,GA,395.9,20.944444444444443,3,1700.5701065063477,0,True
1,GA,395.9,20.944444444444443,3,1670.9771156311035,0,True
2,GA,395.9,20.944444444444443,3,1704.3399810791016,0,True
0,GreedyCost,436.5,21.166666666666664,3,0.07414817810058594,0,True
1,GreedyCost,436.5,21.166666666666664,3,0.06079673767089844,0,True
2,GreedyCost,436.5,21.166666666666664,3,0.06008148193359375,0,True
0,GreedyLatency,1082.32,14.0,2,0.06008148193359375,0,True
1,GreedyLatency,1082.32,14.0,2,0.06103515625,0,True
2,GreedyLatency,1082.32,14.0,2,0.05936622619628906,0,True
0,Random,1041.23,20.72222222222222,3,0.052928924560546875,0,True
1,Random,1226.01,21.166666666666664,3,0.04982948303222656,0,True
2,Random,986.97,20.555555555555557,3,0.09870529174804688,0,True
0,WeightedSum,1078.05,20.0,3,0.22292137145996094,0,True
1,WeightedSum,1078.05,20.0,3,0.21409988403320312,0,True
2,WeightedSum,1078.05,20.0,3,0.2162456512451172,0,True
