seed,algorithm,scenario,cost,latency,providers,time_ms,success
0,GA,Netflix-13comp,631.5,15.54,2,1053.1,True
1,GA,Netflix-13comp,631.5,15.54,2,947.8,True
2,GA,Netflix-13comp,631.5,15.54,2,958.1,True
3,GA,Netflix-13comp,663.37,10.38,1,915.6,True
4,GA,Netflix-13comp,631.5,15.54,2,949.8,True
5,GA,Netflix-13comp,714.57,16.62,2,960.3,True
6,GA,Netflix-13comp,631.5,15.54,2,964.7,True
7,GA,Netflix-13comp,631.5,15.54,2,956.8,True
8,GA,Netflix-13comp,663.37,10.38,1,920.1,True
9,GA,Netflix-13comp,663.37,10.38,1,906.1,True
